RegionNumber;RegionName;Characters;HardQuestion;MediumQuestion;EasyQuestions
01;Ain;{6007,6158,6309,6157,6159,6308,6307,6310,5856,5855,5857,6006,6005,6008,6009,6156,6155,6160,6161,6306,6305,5854,5853,5858,5859,6004,6003,6010,6011,6154,5852,5851,5860,5861,6002,5850};Dans quel département peut-on visiter les étangs de la Dombes, connus pour leur faune exceptionnelle ?;Dans quel département se situe la ville de Bourg-en-Brsse, célèbre pour son poulet AOP ?;Quel département a pour numéro le 01 ?
02;Aisne;{1755,1906,2057,2208,2359,2510,2511,2207,2209,2358,2357,2360,2361,1905,1907,2056,2055,2058,2059,2206,2210,2211,1604,1453,1603,1605,1754,1753,1756,1757,1904,1908,1909,2060,2061,1452,1451,1454,1455,1602,1606,1607,1758,1759,1910,1911,1456,1608,1609,1760,1761,1610,1611};Quel département tire son nom d'un affluent de l'Oise ?;Quel département a été le théatre de la célèbre bataille du Chemin des Dames, durant la Première Guerre Mondiale ?;Quel département du nord de la France est situé entre la Marne et les Ardennes ?
03;Allier;{5827,5978,5977,5979,5676,5525,5675,5677,5826,5825,5828,5829,5976,5975,5980,5981,5524,5523,5526,5527,5674,5673,5678,5679,5824,5823,5830,5831,5974,5973,5982,5983,5522,5521,5528,5529,5672,5671,5680,5681,5822,5821,5832,5833,5972,5984,5985,5530,5531,5670,5669,5682,5820,5834,5986,5668};Dans quel département trouve-t-on la ville qui a servi de capitale pendant le régime Nazi?; Quel département est célèbre pour ses thermes ?;Dans quel département se situe le parc Zoologique et d'attraction nommé le Pal ?,
04;Alpes-de-Haute-Provence;{8434,8585,8736,8584,8586,8735,8734,8737,8283,8282,8284,8433,8432,8435,8436,8583,8582,8587,8588,8733,8732,8281,8280,8133,8134,8285,8286,8431,8430,8437,8438,8581,8580,8731,8730,8135,8136,8287,8288,8429,8428,8579,8729,8137,7986,8138,7987};Quel département du sud-est de la France, a changé de nom en 1970 pour inclure sa référence aux Alpes ?;Quel département du sud-est de la France est traversé par la Durance ?;Quel département des Alpes, celèbre pour sa lavande et ses Gorges du Verdon, porte le numéro 04 ?
05;Hautes-Alpes;{7678,7829,7828,7830,7527,7376,7526,7528,7677,7676,7679,7680,7979,7978,7827,7826,7831,7832,7377,7378,7525,7529,7530,7675,7674,7681,7682,7977,7976,7825,7824,7379,7531,7532,7683,7684,7975,8126};Dans quel département trouve-t-on le lac artificiel de Serre-Ponçon, bordé par la ville touristique d'Embrun ?;Quelle rivière traverse le département et alimente le lac de Serre-Ponçon;Dans quel département se situe l'Abbaye de Boscodon ?
06;Alpes-Maritimes;{8745,8896,9047,8895,8897,9046,8594,8443,8593,8595,8744,8743,8746,8747,8894,8893,8442,8444,8445,8592,8591,8596,8597,8742,8741,8748,8446,8447,8598,8599};Quel département Français du sud abrite la ville de Menton, célèbre pour sa Fête du Citron ?;Quel département, situé à la frontière italienne, est nommé pour associé mer et montagne ?;Dans quel département français se situe la célèbre ville de Nice ?
07;Ardèche;{7804,7955,7954,7956,7653,7502,7652,7654,7803,7802,7805,7806,7953,7957,7958,7503,7504,7651,7655,7656,7801,7800,7807,7808,8109,7959,7353,7354,7505,7506,7657,7355};Quel département est célèbre pour ses gorges spéctaculaires ainsi qu'un pont de pierre naturel appelé le Pont d'Arc;Dans quel département se situe la Grotte de Chauvet;Quel département tire son nom d'une rivière qui prend sa source dans le Massif Central et traverse des paysages volcaniques et calcaires ?
08;Ardennes;{1767,1918,1917,1919,1616,1465,1615,1617,1766,1765,1768,1769,1916,1915,2070,2071,1920,1921,1464,1313,1466,1467,1614,1618,1619,1764,1770,1771,1914,2072,2073,1922,1923,1312,1161,1468,1317,1469,1620,1621,1772,1773,2074,2075,1924,1925,1160,1159,1470,1622,1774,1775,2226,2227,2076,2077,1926,1158,1007,1157,1006,1005,1156,1155};Quel département est traversé par la Meuse et partage une frontière avec la Belgique;Ce département est célèbre pour sa ville qui abrite l'un des plus grands chateaux forts médiévaux d'Europe, de quel département s'agit-il ?;Dans ce département on y trouve l'une des forêts qui a inspiré bon nombre de légendes médiévales dont celle de Roland et des Quatre Fils Aymon ?
09;Ariège;{10036,10187,10186,10188,9885,9884,10035,10034,10037,10038,10185,10184,10189,10190,9733,9732,9883,9882,10033,10032,10183,9881,9880,10031,10030,10029,10028};Ce département situé dans les pyrénées est connu pour sa proximité avec l'Andorre, Quel est t-il ?;Dans ce département, on y trouve la grotte du Mas d'Azil, un site préhistorique traversé par une route et célèbre pour ses vestiges paléolithiques. Quel est ce département ?; Dans ce département se trouve le Mont Valier et le Pic des Trois Seigneurs. De quel département s'agit-il ?
10;Aube;{3271,3422,3573,3421,3423,3574,3575,3120,3119,3121,3270,3269,3272,3273,3420,3419,3424,3425,3726,3727,3576,3577,3118,3117,3122,3123,3268,3267,3274,3275,3426,3427,3578,3579,3116,3115,3124,3125,3266,3276};Quel département est célèbre pour la Côte des Bar, célèbre destination touristique ?;Quel département français contient la ville de Troyes ?;Quel département français du centre-est, porte le numéro 10 ?
11;Aude;{9746,9897,9896,9898,9595,9594,9596,9745,9744,9747,9748,9895,9894,9899,9900,9593,9592,9597,9598,9743,9742,9749,9750,9893,9892,9901,9902,9591,9590,9741,9740,9751,9891,9890,9439,9438,9589,9588,9739,9738,9889,9587,9586,9737,9736,9585};Quel département français est célèbre pour ses vins, comme le Blanquette de Limoux, considéré comme le plus ancien pétillant du monde ?;Quel département Français du sud-ouest est connu pour être le pays de naissance du Cassoulet ?;Quel département français contient la cité médiévale de Carcassonne, classé au patrimoine mondial de l'UNESCO ?
12;Aveyron;{8538,8689,8840,8991,9142,8990,8992,9141,9140,9143,8688,8690,8839,8838,8841,8842,8989,8988,8993,8994,9139,9138,8387,8236,8386,8388,8537,8536,8539,8540,8687,8686,8691,8692,8837,8836,8843,8844,8987,8986,9137,9136,8085,8084,8086,8235,8234,8237,8238,8385,8384,8389,8390,8535,8534,8541,8542,8685,8684,8693,8694,8835,8834,8845,8846,8985,8984,8083,8082,8087,8088,8233,8232,8239,8240,8383,8382,8391,8392,8533,8532,8543,8544,8683,8682,8695,8696,8833,8832,8983,8081,8089,8090,8231,8230,8241,8242,8381,8380,8393,8394,8531,8530,8545,8681,8680,8831,8830,8379,8378,8529,8528,8679,8678,8377,8376,8527,8526};Ce département est célèbre pour son Viaduc, qui est accessoirement le plus haut pont du monde. Quel est t-il ?; Ce département est connu pour le village de Conques, l'un des plus beaux villages de France, celèbre pour son Abbaye Sainte-Foy, un joyau de l'art Roman. De quel département s'agit-il ?;Ce département est réputé pour sa gastronomie comme l'Aligot. Quel est t-il ?
13;Bouches-du-Rhône;{9173,9324,9323,9325,9022,9021,9023,9172,9171,9174,9175,9322,9321,9326,9327,8870,8869,9020,9019,9024,9025,9170,9169,9176,9177,9320,9328,9329,8868,8867,9018,9017,9026,9027,9168,9167,9178,9179,9330,9331,9028,9166,9180};Quel département français est célèbre pour les Calanques, un joyau naturel entre mer et falaiises ?;Dans quel département français du sud peut-on goûter le plat typique de la bouillabaisse;Dans quel département Français trouve-t-on la ville de Marseille, connue pour être le berceau du rap français, avec des artistes comme JuL ou SCH ?
14;Calvados;{2315,2466,2465,2467,2164,2163,2165,2314,2313,2316,2317,2464,2615,2463,2468,2469,2162,2161,2166,2167,2312,2311,2318,2319,2614,2613,2462,2470,2471,2160,2168,2169,2320,2321,2472,2473};Dans quel département trouve-t-on la célèbre plage d'Omaha Beach, connue pour avoir été le théâtre du débarquement, le 6 juin 1944 ?;Que département français de Normandie porte aussi le nom d'un alcool de pomme célèbre ?;Dans quel département, portant le numéro 14,trouve-t-on la ville de Caen ?
15;Cantal;{7485,7636,7787,7635,7637,7786,7785,7788,7789,7334,7183,7333,7335,7484,7483,7486,7487,7634,7633,7638,7639,7784,7783,7032,7031,7182,7181,7184,7185,7332,7331,7336,7337,7482,7481,7488,7489,7632,7631,7640,7782,7781,7030,7029,7180,7179,7186,7330,7329,7338,7480,7479,7490,7630,7629,7780,7028,7178,7328,7478};Dans quel département du Centre trouve-t-on les villes de Saint-Flour et Murat ?;Quel département français est connu pour son fromage, du même nom ?;Quel département français a pour préfecture la ville d'Aurillac ?
16;Charente;{6397,6548,6699,6547,6549,6698,6849,6697,6700,6246,6245,6247,6396,6395,6398,6399,6546,6550,6848,6244,6248,6249,6394,6400,6401,6250,6251};Ce département de nouvelle-aquitaine est célèbre pour la ville de Cognac, qui a donné son nom à une eau-de-vie renommée. De quel département s'agit-il ?;Dans ce département ce trouve la ville d'Angoulême, connue comme la capitale de la bande dessinée et pour son festival internationnal annuel. De quel département s'agit-il ?; Ce département est traversé par une rivière qui porte le même nom que lui, il est réputé pour ses paysages vallonés et ses vignobles. Quel est-il ?
17;Charente-Maritime;{6389,6540,6691,6842,6841,6843,6539,6541,6690,6689,6692,6693,6840,6839,6844,6995,6845,6238,6087,6237,6239,6388,6387,6390,6391,6538,6537,6542,6543,6688,6687,6694,6838,6996,6086,6085,6236,6235,6240,6386,6385,6392,6536,6535,6686,5934,5933,6084,6083,6234,6233,6384,6383,5932,5931,6082,6081,6232,6231,5930,5929,6080,6079,5928};Quel département Français a été le théâtre d'un tournant dans les guerres de religion, avec sa prise par Richelieu ?;Dans quel département se situe le célèbre Fort-Boyard, emblème de l'émission télévisée éponyme ?;Dans quel département trouve-t-on la ville de La Rochelle, célèbre pour son port ?
18;Cher;{4762,4913,5064,5215,5366,5214,5216,5365,5364,5367,4912,4914,5063,5062,5065,5066,5213,5212,5217,5218,5363,4611,4460,4610,4612,4761,4760,4763,4764,4911,4910,4915,4916,5061,5060,5067,5068,5211,5219,5220,4459,4458,4461,4462,4609,4608,4613,4614,4759,4758,4765,4766,4909,4908,4917,4918,5059,5069,4457,4456,4463,4464,4607,4606,4615,4616,4757,4756,4767,4907,4465};Quel est le département d'origine de Jacques Coeur, célèbre argentiet de Charles VII ?;Dans quel département du Centre de la France trouve-t-on les vignobles de Sancerre, célèbres pour leur vin blanc ?;Dans quel département, portant le numéro 18, trouve-t-on la ville de Bourges ?
19;Corrèze;{7020,7171,7322,7170,7172,7321,7320,7323,7324,6869,6718,6868,6870,7019,7018,7021,7022,7169,7168,7173,7174,7319,7318,6717,6719,6720,6867,6866,6871,6872,7017,7016,7023,7024,7167,7175,6721,6722,6865,6873,6874,7025,6723,6724,6875};Dans quel département célèbre-t-on la foire du livre de Brive, rendez-vous culturel de renom ?;Quel département français a vu l'émergence de figures politiques françaises importantes, telles que Jacques Chirac ?;Quel département français, portant le numéro 19, a pour préfecture la ville de Tulle ?
20;Corse;{};Ce département fût lieu de naissance de Napoléon Bonaparte.Quel est t-il ?";"Ce département possède la ville d'Ajaccio. Quel est t-il ?;Ce département possède un Cap, une péninsule réputée pour ses paysages sauvages et ses tours génoises. Quel est t-il ?
21;Côte-d'Or;{4489,4640,4791,4639,4641,4790,4789,4792,4793,4338,4187,4337,4339,4488,4487,4490,4491,4638,4637,4642,4643,4788,4787,4794,4795,4186,4035,4185,4188,4189,4336,4335,4340,4341,4486,4485,4492,4493,4636,4635,4644,4645,4034,4033,4184,4183,4334,4333,4342,4484,4483,4494,4634,4633,4646,4032,4031,4182,4181,4332,4331,4482,4030,4029,4180};Quel département de l'Est a abrité un temps la capitale des Ducs de Bourgogne, un des États les plus puissants d'Europe au XVe siècle ?;Dans quel département peut-on goûter à une célèbre recette de moutarde ?;Quel département français a pour préfecture la ville de Dijon ?
22;Côtes-d'Armor;{3040,3191,3190,3192,2889,2738,2888,3039,3038,3041,3042,3189,3188,3193,3194,2737,2736,2887,2886,3037,3036,3043,3044,3187,3186,3195,3346,3196,2735,2734,2885,2884,3035,3034,3045,3046,3185,3184,3347,3348,3197,3198,2883,3033,3047};Quel département est-connu pour le club de football de l'En Avant Guingamp ?;Ce département abrite le célèbre rocher de Ploumanac'h. Quel est t-il ?;Dans ce département vous pourrez y visiter le chateau de le Hunaudaye. Quel est-il ?
23;Creuse;{6117,6268,6419,6267,6269,6418,6420,6421,5966,5815,5965,5967,6116,6115,6118,6119,6266,6270,6271,6422,5814,5813,5816,5964,5963,5968,6114,6113,6120,6121,5812,5811,5962,5961,5810,5809};Quel département est connue pour la tapisserie d'Aubusson, inscrite au patrimoine mondial de l'UNESCO ?;Quel département est connu pour être un des plus vides de France, figurant dans le top 5 des densités les plus faibles du pays ?;Dans quel département trouve-t-on la ville de Guéret ?
24;Dordogne;{7158,7309,7460,7611,7610,7612,7308,7310,7459,7458,7461,7462,7609,7608,7613,7764,7614,7007,6856,7006,7008,7157,7156,7159,7160,7307,7306,7311,7312,7457,7456,7463,7464,7607,7606,7765,7615,6705,6704,6706,6855,6854,6857,6858,7005,7004,7009,7010,7155,7154,7161,7162,7305,7304,7313,7314,7455,7454,7465,7605,6703,6853,6859,6860,7003,7002,7011,7012,7153,7152,7163,7164,7303,7302,7315,7453,6861,7013,7151};Dans quel département français peut-on visiter la vallée de la Vézère, célèbre pour ses grottes préhistoriques et sa production de foie gras ?;Dans quel département trouve-t-on les célèbres grottes de Lascaux, connues pour être un site préhistorique important en France ?;Dans quel département peut-on trouver la Vallée de la Dordogne, célèbre pour son fleuve et ses nombreux châteaux ?
25;Doubs;{4808,4959,5110,4958,4960,5109,5260,5108,5111,4657,4656,4658,4807,4806,4809,4810,4957,4956,4961,5259,5258,5107,5106,4655,4654,4659,4660,4805,4804,4811,4812,4955,4954,4661,4662,4803,4802,4801};Dans quel département se situe la ville de Sochaux, connue pour son club de Football historique ayant frôlé la disparition ?;Quel département est connu pour ses saucisses, notamment celles de Morteau ou de Pontarlier ?;Quel département porte le numéro 25 et possède comme Préfecture la ville de Besançon ?
26;Drôme;{7815,7966,8117,7965,7967,8116,8115,8118,8119,7664,7513,7663,7665,7814,7813,7816,7817,7964,7963,7968,7969,8114,8113,8120,8121,7512,7361,7511,7514,7515,7662,7661,7666,7667,7812,7811,7818,7819,7962,7961,7970,7971,8112,8122,8123,7360,7359,7510,7509,7660,7668,7820,7821,7972,7208,7207,7358};Ce département est connu pour aller des montages du Vercors aux champs de lavande. Quel est-il ?;Dans ce département on y trouve la ville de Montélimar. Quel est-il ?;Ce département abrite le Parc naturel régional du Vercors, celèbre pour ses montagnes, ses gorges et ses falaises. Quel est-il ?
27;Eure;{2479,2630,2629,2631,2328,2327,2329,2478,2477,2480,2481,2782,2933,2632,2633,2326,2325,2330,2331,2476,2482,2483,3084,3235,3085,2934,2935,2634,2324,2332,2333,2484,2485,3386,3387,3236,3237,3086,3087,2936,2937,2334,2335,2486,3388,3389,3238,3239,3088,3089,2938,2787,2939,2336,2337,3540,3541,3390,3391,3240,3241,3090,3091,2788,2789,2940};Dans quel département peut-on visiter le Châteeau-Gaillard, construit par Richard Coeur de Lion, surplombant la Seine ?;Dans quel département trouve-t-on la route des peintres impressionnistes, passant par Giverny et la maison de Claude Monet ?;Dans quel département de Normandie trouve-t-on la ville d'Évreux ?
28;L'Eure et Loir;{3239,3390,3541,3389,3391,3540,3542,3543,3088,2937,3087,3089,3238,3237,3240,3241,3388,3387,3392,3393,3544,2936,2935,2938,2787,2939,3086,3085,3090,3091,3236,3235,3242,3243,3386,3394,3395,2934,2933,2788,2789,2940,3084,3092,3093,3244,3245,3396,3397,2782,2631,2790,2480,2329,2479,2481,2630,2629,2632,2633,2328,2327,2330,2331,2478,2477,2482,2483,2634};Ce département est célèbre pour la ville de Chartes, dont la cathédrale est classée au patrimoine mondial de l'UNESCO. Quel est-il ?;Dans ce département vous y trouverez le château de Maintenon, la seconde épouse de Louis XIV. De quel département s'agit-il ?;Ce département est traversé par le cours de l'Eure et est connu pour ses paysages de campagne, ses forêts et ses étangs. Quel est-il ?
29;Finistère;{3178,3329,3480,3631,3630,3632,3328,3330,3479,3478,3481,3482,3629,3628,3633,3634,3027,2876,3026,3028,3177,3176,3179,3180,3327,3326,3331,3332,3477,3476,3483,3627,3626,2875,2877,2878,3025,3024,3029,3030,3175,3174,3181,3325,3475,2879,2880,3023,3022,3021};Dans quel département trouve-t-on la pointe du Raz, un des points les plus à l'Ouest de France ;Quel département a abrité un port très stratégique durant la Seconde Guerre Mondiale, avec une base sous-marine Allemande encore visible ?;Quel département est celui d'un club de Football ayant surpris pendant la saison 2023/2024, notamment par son accession en Ligue des Champions ?
30;Gard;{8711,8862,9013,8861,8863,9012,9163,9011,8560,8409,8559,8561,8710,8709,8712,8713,8860,8859,8864,9162,9010,8408,8257,8407,8410,8411,8558,8557,8562,8563,8708,8707,8714,8858,8256,8412,8556,8555,8564,8706,8554,8553,8552,8551,8550,8549};Dans quel département trouve-t-on le village d'Aigues-Mortes, connu pour ses remparts médiévaux ?;Dans quel département trouve-t-on la ville de Nîmes ?;Dans quel département trouve-t-on un pont, un aqueduc Romain très connu, portant le même nom que celui-ci ?
31;Haute-Garonne;{9429,9278,9127,9277,9279,9428,9579,9427,9430,9431,8976,8975,8977,9126,9125,9128,9129,9276,9275,9280,9281,9578,9577,9426,9425,9432,8974,8973,8978,9124,9130,9131,9274,9282,9283,9576,9575,9424,9423,9284,9726,9725,9574,9573,9422,9724,9723,9572,9571,9874,9873,9722,9721,9570};Quel département est célèbre pour sa fameuse Ville Rose, en raison de la couleur des briques de ses bâtiments ?;Quel département traverse la Garonne et abrite la ville de Toulouse, connue pour l'aéronautique ?;Quel département a pour numéro le 31 et est situé dans le sud-ouest de la France ?  
32;Gers;{9429,9278,9127,9277,9279,9428,9579,9427,9430,9431,8976,8975,8977,9126,9125,9128,9129,9276,9275,9280,9281,9578,9577,9426,9425,9432,8974,8973,8978,9124,9130,9131,9274,9282,9283,9576,9575,9424,9423,9284,9726,9725,9574,9573,9422,9724,9723,9572,9571,9874,9873,9722,9721,9570};Quel département est connu pour être la terre natale de d'Artagnan, héros des Trois Mousquetaires ?;Quel département est célèbre pour sa gastronomie, notamment le foie gras et l'armagnac ?;Quel département du Sud-Ouest porte le numéro 32 et abrite la ville d'Auch ?
33;Gironde;{7595,7746,7897,8048,8047,8049,7745,7747,7896,7895,7898,7899,8046,8045,8050,8201,8051,7444,7293,7443,7445,7594,7593,7596,7597,7744,7743,7748,7749,7894,7893,7900,7901,8202,8052,7142,7141,7292,7291,7294,7295,7442,7441,7446,7447,7592,7591,7598,7599,7742,7741,7750,7751,7892,7891,7902,7903,7140,7139,7290,7289,7296,7297,7440,7439,7448,7449,7590,7589,7600,7601,7740,7739,7752,7753,7890,7889,7138,7137,7288,7287,7298,7299,7438,7437,7450,7451,7588,7587,7602,7738,6986,6985,7136,7135,7286,6984};Quel département abrite la dune du Pilat, la plus haute d'Europe ?;Quel département est traversé par la Garonne et célèbre pour ses vignobles de Bordeaux ?;Quel département du Sud-Ouest porte le numéro 33 et abrite la ville de Bordeaux ?
34;Hérault;{9154,9305,9304,9306,9003,8852,9002,9004,9153,9152,9155,9156,9303,9302,8851,8853,8854,9001,9000,9005,9006,9151,9150,9157,9158,9301,9452,9300,8855,8999,9007,9149,9148,9159,9603,9754,9604,9299,9298,9147,9905,10056,9904,9906,9753,9755,9756,9605,9606,9297,9296,10207,10358,10206,10208,10055,10054,10057,10058,9907,9908,9757,9758,9607,9608};Quel département est traversé par le canal du Midi et célèbre pour ses plages méditerranéennes ?;Quel département abrite la ville de Montpellier, connue pour son centre historique ?;Quel département du Sud de la France porte le numéro 34 et borde la mer Méditerranée ?
35;Ille-et-Vilaine;{3354,3505,3656,3807,3806,3808,3504,3506,3655,3654,3657,3658,3805,3804,3809,3810,3203,3052,3202,3204,3353,3352,3355,3356,3503,3502,3507,3508,3653,3659,3660,3811,3812,3051,3050,3053,3054,3201,3200,3205,3206,3351,3357,3358,3501,3509,3510,3661,3055,3056,3207,3208,3359,3057,3209};Quel département abrite la ville de Saint-Malo, connue pour ses remparts ?;Quel département est situé en Bretagne et traversé par les rivières Ille et Vilaine ?;Quel département breton porte le numéro 35 et abrite la ville de Rennes ?
36;Indre;{5354,5505,5504,5506,5203,5052,5202,5204,5353,5352,5355,5356,5503,5654,5502,5507,5508,4901,4900,4902,5051,5050,5053,5054,5201,5200,5205,5206,5351,5350,5357,5358,5653,5652,5501,5500,5509,5510,4903,4904,5055,5056,5199,5207,5208,5349,5359,5360,5651,5802,5511,5512};Quel département est célèbre pour le parc naturel régional de la Brenne et ses étangs ?;Quel département contient la ville de Châteauroux ?;Quel département du Centre-Val de Loire porte le numéro 36 ?
37;Indre-et-Loire;{4741,4892,4891,4893,4590,4439,4589,4591,4740,4739,4742,4743,4890,5044,5045,4894,4895,4288,4438,4437,4440,4441,4588,4587,4592,4593,4738,4737,4744,4745,5046,4896,4897,4436,4586,4594,4736,4746,4747};Quel département est connu pour ses châteaux de la Loire, comme celui de Chenonceau ?;Quel département abrite la ville de Tours, célèbre pour son patrimoine historique ?;Quel département du Centre-Val de Loire porte le numéro 37 ?
38;Isère;{6912,7063,7214,7062,7064,7213,7215,7366,7216,6761,6610,6760,6762,6911,6910,6913,6914,7061,7060,7065,7066,7367,7368,7217,7218,6609,6608,6759,6758,6763,6764,6909,6908,6915,6916,7067,7068,7519,7520,7369,7370,7219,7220,6607,6757,6907,6906,7069,7521,7371,7372,7221};Quel département est traversé par le massif du Vercors et célèbre pour le parc national des Écrins ?;Quel département abrite la ville de Grenoble, surnommée la capitale des Alpes ?;Quel département porte le numéro 38 et est situé dans la région Auvergne-Rhône-Alpes ?
39;Jura;{5253,5404,5555,5403,5405,5554,5553,5556,5557,5102,5101,5103,5252,5251,5254,5255,5402,5401,5406,5407,5558,5559,4950,4949,5100,5099,5250,4948,5098};Quel département frontalier avec la Suisse est connu pour avoir donné son nom à une période géologique ?;Quel département produit le fromage comté et le vin jaune ?;Quel département de Franche-Comté porte le numéro 39 et a pour préfecture Lons-Le-Saunier ?
40;Landes;{8649,8800,8951,8799,8801,8950,8949,8952,8953,8498,8347,8497,8499,8648,8647,8650,8651,8798,8797,8802,8803,8948,8947,8954,8346,8345,8348,8349,8496,8495,8500,8501,8646,8645,8652,8653,8796,8795,8804,8805,8946,8945,8344,8193,8343,8494,8493,8502,8503,8644,8643,8654,8655,8794,8793,8944,8943,8192,8191,8342,8341,8492,8491,8504,8642,8641,8656,8792,8791,8942,8941,8190,8640,8489,8790,8338,8187,8337,8339,8488,8487};Quel département est connu pour ses plages immenses et ses forêts de pins ?;Quel département est traversé par l'Adour et abrite la ville de Mont-de-Marsan ?;Quel département du Sud-Ouest porte le numéro 40 ?
41;Loir-et-Cher;{4145,4296,4447,4295,4297,4446,4448,4599,4449,3994,3843,3993,3995,4144,4143,4146,4147,4294,4293,4298,4299,4600,4601,4450,4451,3842,3841,3992,3991,3996,4142,4141,4148,4149,4300,4301,4602,4603,4452,4453,3840,3839,3990,3989,4140,4150,4302,4303,3688,3687,3838,3837,3988,3987};Quel département abrite le château de Chambord, un des joyaux de la Renaissance ?;Quel département contient la ville de Blois ?;Quel département du Centre-Val de Loire porte le numéro 41 ?
42;Loire;{6595,6746,6897,6745,6747,6896,6895,6898,6899,6444,6293,6443,6445,6594,6593,6596,6597,6744,6743,6748,6749,6900,7051,6901,6142,6141,6143,6292,6291,6294,6295,6442,6441,6446,6447,6592,6598,6599,6750,6751,6902,6140,6139,6290,6289,6440};Quel département est traversé par le fleuve Loire et célèbre pour ses gorges ?;Quel département abrite la ville de Saint-Étienne, connue pour son industrie ?;Quel département d'Auvergne-Rhône-Alpes porte le numéro 42 ?
43;Haute-Loire;{7346,7497,7496,7498,7195,7194,7196,7345,7344,7347,7348,7647,7495,7494,7193,7192,7197,7198,7343,7342,7349,7191,7190,7199,7341,7189};Quel département est connu pour le Puy-en-Velay, point de départ du chemin de Saint-Jacques-de-Compostelle ?;Quel département contient la source de la Loire ?;Quel département d'Auvergne porte le numéro 43 ?
44;Loire-Atlantique;{4412,4563,4714,4562,4564,4713,4712,4715,4716,4261,4110,4260,4262,4411,4410,4413,4414,4561,4560,4565,4566,4711,4717,4718,4109,4111,4112,4259,4258,4263,4264,4409,4408,4415,4416,4559,4558,4567,4719,4113,4114,4257,4256,4265,4407,4406,4255};Quel département est traversé par l'estuaire de la Loire et abrite les marais salants de Guérande ?;Quel département abrite la ville de Nantes, ancienne capitale des Ducs de Bretagne ?;Quel département des Pays de la Loire porte le numéro 44 ?
45;Loiret;{3855,4006,4157,4005,4007,4156,4155,4158,4159,3704,3703,3705,3854,3853,3856,3857,4004,4003,4008,4009,4160,4161,3702,3701,3706,3707,3852,3851,3858,3859,4002,4001,4010,4011,4162,4163,3700,3699,3708,3850,3849,3860,3861,4012,3698,3848};Quel département est traversé par la Loire et abrite la ville de Gien, célèbre pour sa faïence ?;Quel département abrite Orléans, ville liée à Jeanne d'Arc ?;Quel département du Centre-Val de Loire porte le numéro 45 ?
46;Lot;{7773,7924,8075,7923,7925,8074,8073,8076,8077,7622,7621,7623,7772,7771,7774,7775,7922,7921,7926,7927,8072,8071,7620,7619,7624,7625,7770,7769,7776,7777,7920,7919,7928,8070,8069,7618,7626,7768,7918,8068};Quel département abrite la vallée du Lot et le site de Rocamadour, haut lieu de pèlerinage ?;Quel département est traversé par la rivière Lot et célèbre pour son vin de Cahors ?;Quel département d'Occitanie porte le numéro 46 ?
47;Lot-et-Garonne;{7773,7924,8075,7923,7925,8074,8073,8076,8077,7622,7621,7623,7772,7771,7774,7775,7922,7921,7926,7927,8072,8071,7620,7619,7624,7625,7770,7769,7776,7777,7920,7919,7928,8070,8069,7618,7626,7768,7918,8068};Quel département est traversé par le Lot et célèbre pour ses bastides médiévales ?;Quel département abrite la ville d'Agen, connue pour ses pruneaux ?;Quel département d'Occitanie porte le numéro 47 ?
48;Lozère;{8098,8249,8248,8250,7947,7796,7946,7948,8097,8096,8099,8100,8247,8246,8251,8252,7795,7794,7945,7944,7949,8095,8094,8101,8102,8245,8253,7793,7943,7942,8093};Quel département est le moins peuplé de France métropolitaine ?;Quel département abrite les gorges du Tarn et le mont Lozère ?;Quel département d'Occitanie porte le numéro 48 ?
49;Maine-et-Loire;{4424,4575,4726,4574,4576,4725,4724,4727,4273,4122,4272,4274,4423,4422,4425,4426,4573,4572,4577,4578,4723,4121,4120,4271,4270,4275,4276,4421,4420,4427,4428,4571,4570,4579,4580,4119,4118,4269,4268,4277,4278,4419,4429,4430,4581,4582,4117,4279,4280,4431,4432,4583,4281,4282,4433};Quel département est célèbre pour ses châteaux de la Loire, comme celui de Brissac ?;Quel département abrite la ville d'Angers, connue pour sa tapisserie de l'Apocalypse ?;Quel département des Pays de la Loire porte le numéro 49 ?
50;Manche;{2152,2303,2454,2304,2455,2606,2456,2001,1850,2000,2002,2151,2153,2154,2305,2306,2607,2758,2608,2457,2458,1849,1848,1851,1852,1999,2003,2004,2155,2156,2307,2308,2759,2910,2760,2609,2610,2459,1697,1696,1853,2005,2157,2911,2912,2761,2762,2611};Quel département est bordé par la Manche et abrite le Mont-Saint-Michel ?;Quel département contient la ville de Cherbourg et ses ports ?;Quel département de Normandie porte le numéro 50 ?
51;Marne;{2518,2669,2820,2668,2670,2819,2818,2821,2822,2367,2216,2366,2368,2517,2516,2519,2520,2667,2666,2671,2672,2817,2816,2823,2824,2215,2214,2217,2218,2365,2364,2369,2370,2515,2514,2521,2522,2665,2664,2673,2674,2815,2825,2826,2371,2372,2523,2524,2675,2676,2827,2828,2373,2374,2525,2526,2677,2678,2829,2527,2528,2679};Quel département est connu pour ses vignobles de champagne et ses caves de Reims ?;Quel département contient la ville de Châlons-en-Champagne ?;Quel département de la région Grand Est porte le numéro 51 ?
52;Haute-Marne;{3435,3586,3737,3888,3887,3889,3585,3587,3736,3735,3738,3739,4040,4041,3890,3891,3284,3283,3285,3434,3433,3436,3437,3584,3583,3588,3589,3734,3733,3740,3741,4042,3892,3893,3132,3131,3282,3281,3286,3287,3432,3431,3438,3439,3582,3581,3590,3591,3742,3743,3130,3129,3280,3279,3288,3430,3440};Quel département est célèbre pour ses forêts et ses sources thermales, comme celles de Bourbonne-les-Bains ?;Quel département abrite la ville de Chaumont, connue pour son festival international de graphisme ?;Quel département du Grand Est porte le numéro 52 ?
53;Mayenne;{3517,3668,3819,3667,3669,3818,3817,3820,3821,3366,3215,3365,3367,3516,3515,3518,3519,3666,3665,3670,3671,3816,3815,3822,3823,3214,3213,3216,3217,3364,3363,3368,3369,3514,3513,3520,3521,3664,3672,3673,3212,3211,3362,3370,3371,3522,3523,3372,3373};Quel département est traversé par la rivière Mayenne et abrite des villages médiévaux comme Sainte-Suzanne ?;Quel département contient la ville de Laval ?;Quel département des Pays de la Loire porte le numéro 53 ?
54;Meurthe-et-Moselle;{2690,2841,2992,3143,3142,3144,2840,2842,2991,2990,2993,2994,3141,3140,3145,3146,2539,2388,2538,2540,2689,2688,2691,2692,2839,2843,2844,2989,2995,2996,3147,3148,2237,2236,2387,2386,2389,2390,2537,2536,2541,2542,2693,2694,2845,2846,2997,2998,3149,3150,2235,2234,2385,2543,2695,2696,2847,2848,2999,3000,3151,3152,2083,2082,2849};Quel département est connu pour Nancy et sa place Stanislas, classée au patrimoine mondial de l'UNESCO ?;Quel département abrite les anciennes mines de fer de Lorraine ?;Quel département du Grand Est porte le numéro 54 ?
55;Meuse;{};Quel département est célèbre pour le champ de bataille de Verdun, symbole de la Première Guerre mondiale ?;Quel département est traversé par la Meuse et abrite Bar-le-Duc ?;Quel département du Grand Est porte le numéro 55 ?
56;Morbihan;{3642,3793,3944,3792,3794,3945,3946,3491,3490,3492,3641,3640,3643,3644,3791,3790,3795,3796,3947,3948,3489,3488,3639,3638,3645,3646,3789,3788,3797,3798,4099,4100,3949,3950,3487,3486,3637,3647,3648,3799,3800,4101,4102,3951,3952,3649,3650,3801,3953};Quel département est célèbre pour le golfe du Morbihan et ses îles ?;Quel département breton abrite Vannes et ses remparts médiévaux ?;Quel département porte le numéro 56 et est situé en Bretagne ?
57;Moselle;{2548,2397,2396,2398,2547,2549,2700,2550,2395,2244,2394,2399,2400,2701,2702,2551,2552,2243,2242,2401,2402,2853,3004,2854,2703,2704,2553,2554,2241,3003,2855,2856,2705,2706,2555,2556,3007,3158,3008,3309,3310,3159,3160,3009,3010};Quel département abrite Metz et sa célèbre cathédrale gothique ?;Quel département est traversé par la rivière Moselle et proche de l'Allemagne ?;Quel département du Grand Est porte le numéro 57 ?
58;Nièvre;{4775,4926,5077,5228,5227,5229,4925,4927,5076,5075,5078,5079,5226,4624,4623,4625,4774,4773,4776,4777,4924,4923,4928,4929,5074,5073,5080,4622,4621,4626,4627,4772,4771,4778,4779,4922,4921,4930,4931,5072,4620,4469,4619,4770,4780,4781,4468,4782};Quel département est connu pour le circuit automobile de Magny-Cours ?;Quel département contient la ville de Nevers, célèbre pour sa faïence ?;Quel département de Bourgogne-Franche-Comté porte le numéro 58 ?
59;Nord;{692,541,390,540,542,693,844,694,389,388,391,240,539,543,544,845,846,695,696,387,236,89,-62,88,90,241,242,545,997,998,847,848,697,698,235,234,-213,-364,-214,-212,-63,-64,-61,-60,87,86,91,92,243,244,1149,1150,999,1000,849,850,699,233,-515,-666,-516,-514,-365,-366,-363,-362,-215,-216,-211,-210,-65,-66,-59,-58,93,94,395,396,245,246,1151,1152,1001,1002,851,852,-817,-968,-818,-816,-667,-668,-665,-664,-517,-518,-513,-512,-367,-368,-361,-360,-217,-218,-209,-208,-67,-68,-57,-56,95,96,397,398,247,248,1153,1154,1003,1004,853};Quel est le département le plus peuplé de France ?;Quel département abrite Lille, connue pour sa grande braderie annuelle ?;Quel département des Hauts-de-France porte le numéro 59 ?
60;Oise;{2043,2194,2193,2195,1892,1891,1893,2042,2041,2044,2045,2192,2191,2196,2197,1890,1889,1894,1895,2040,2046,2047,2198,2199,1896,1897,2048,2049,2200,2201,1898,1899,2050,2051,2202,2203,1900,1901,2052};Quel département abrite le parc Astérix et le château de Chantilly ?;Quel département contient la ville de Beauvais et sa célèbre cathédrale ?;Quel département des Hauts-de-France porte le numéro 60 ?
61;Orne;{2924,3075,3074,3076,2773,2772,2774,2923,2922,2925,2926,3073,3072,3227,3228,3077,3078,2775,2776,2921,2920,2927,2928,3071,3070,3229,3230,3079,3080,2777,2778,2919,2918,2929,3231,3232,3081,2917,2916,3383,2915,2914};Quel département est connu pour le parc naturel régional du Perche et ses forêts ?;Quel département contient Alençon, célèbre pour sa dentelle ?;Quel département de Normandie porte le numéro 61 ?
62;Pas-de-Calais;{680,529,378,530,681,832,682,379,380,531,532,833,834,683,684,381,382,533,534,835,836,685,686,383,535,536,837,838,687,688,839,990,840,991,992,841};Quel département abrite les deux caps (Cap Blanc-Nez et Cap Gris-Nez) ?;Quel département contient la ville d'Arras et ses places baroques ?;Quel département des Hauts-de-France porte le numéro 62 ?
63;Puy-de-Dôme;{6582,6733,6884,6732,6734,6885,6886,6431,6280,6430,6432,6581,6580,6583,6584,6731,6730,6735,6736,6887,6888,6279,6278,6281,6282,6429,6428,6433,6434,6579,6578,6585,6586,6729,6728,6737,6738,6889,6890,6277,6276,6283,6427,6426,6435,6436,6577,6576,6587,6588,6727,6739,6740,6891,6892,6275,6274,6425,6437,6438,6589};Quel département est connu pour la chaîne des Puys, inscrite au patrimoine mondial de l'UNESCO ?;Quel département abrite Clermont-Ferrand et la célèbre cathédrale en pierre de lave ?;Quel département d'Auvergne-Rhône-Alpes porte le numéro 63 ?
64;Pyrénées-Atlantiques;{9403,9554,9705,9553,9555,9704,9703,9706,9857,9252,9251,9253,9402,9401,9404,9405,9552,9551,9702,9250,9249,9254,9255,9400,9399,9406,9550,9549,9248,9247,9398,9397,9548,9246,9245,9396,9395,9244,9243,9394,9242};Quel département abrite Pau et les stations balnéaires de Biarritz et Saint-Jean-de-Luz ?;Quel département est traversé par les Pyrénées et proche de l'Espagne ?;Quel département de Nouvelle-Aquitaine porte le numéro 64 ?
65;Hautes-Pyrénées;{9715,9866,10017,9865,9867,10016,10015,10018,10019,9564,9413,9563,9565,9714,9713,9716,9717,9864,9863,9868,9412,9411,9414,9562,9561,9566,9567,9712,9711,9718,9862,9861,9410,9259,9409,9560,9559,9710,9709,9860,9859,9258,9408,9558};Quel département est connu pour le sanctuaire de Lourdes, lieu de pèlerinage mondial ?;Quel département abrite le Pic du Midi et ses panoramas exceptionnels ?;Quel département d'Occitanie porte le numéro 65 ?
66;Pyrénées-Orientales;{10350,10501,10500,10199,10198,10200,10349,10348,10351,10352,10499,10498,10197,10196,10201,10202,10347,10346,10353,10354,10497,10496,10195,10194,10203,10345,10344,10355,10495,10193,10343};Quel département est connu pour Perpignan, ville influencée par la culture catalane ?;Quel département abrite le mont Canigou et les plages de la Méditerranée ?;Quel département d'Occitanie porte le numéro 66 ?
67;Bas-Rhin;{3160,3311,3310,3312,3009,3008,3010,3159,3158,3161,3162,3309,3007,2856,2859,2860,3011,3012,2705,2554,2704,2706,2855,2854,2709,2710,2861,2862,2553,2402,2552,2555,2556,2703,2702,2853,3004,2559,2560,2711,2712,2863,2401,2400,2551,2550,2701,2700,3003,2561,2713,2399,2398,2549,2548};Quel département abrite Strasbourg, siège du Parlement européen ?;Quel département est célèbre pour la route des vins d'Alsace ?;Quel département du Grand Est porte le numéro 67 ?
68;Haut-Rhin;{3912,4063,4214,4062,4064,4213,3761,3610,3760,3762,3911,3910,3913,4061,3609,3458,3608,3611,3612,3759,3763,3909};Quel département est connu pour Colmar et ses maisons à colombages ?;Quel département abrite les Vosges et des villages pittoresques comme Riquewihr ?;Quel département du Grand Est porte le numéro 68 ?
69;Rhône;{6301,6452,6603,6451,6453,6602,6604,6150,5999,6149,6151,6300,6299,6302,6303,6450,6454,6148,6147,6298,6146};Quel département abrite Lyon, célèbre pour sa gastronomie et ses traboules ?;Quel département est traversé par le Rhône et la Saône ?;Quel département d'Auvergne-Rhône-Alpes porte le numéro 69 ?
70;Haute-Saône;{4202,4353,4352,4354,4051,4050,4052,4201,4200,4203,4204,4351,4350,4355,4356,4049,4048,4053,4054,4199,4198,4205,4206,4349,4348,4357,4047,4046,4055,4056,4197,4196,4207,4208,4347,4498,4346,4057,4195,4497,4345};Quel département est traversé par la Saône et abrite des paysages vallonnés ?;Quel département contient Vesoul, ville immortalisée par une chanson de Jacques Brel ?;Quel département de Bourgogne-Franche-Comté porte le numéro 70 ?
71;Saône-et-Loire;{5390,5541,5692,5843,5842,5844,5540,5542,5691,5690,5693,5694,5841,5840,5845,5846,5239,5088,5238,5240,5389,5388,5391,5392,5539,5538,5543,5544,5689,5688,5695,5696,5839,5838,5087,5086,5089,5090,5237,5236,5241,5242,5387,5386,5393,5394,5537,5536,5545,5546,5687,5686,5837,5085,5084,5091,5092,5235,5234,5243,5244,5385,5384,5395,5396,5535,5534,5547,5548,5685,5093,5094,5233,5245,5246,5383,5382,5397,5398,5549,5095,5247};Quel département est connu pour ses vignobles de Bourgogne, notamment à Chalon-sur-Saône ?;Quel département abrite Cluny, célèbre pour son abbaye médiévale ?;Quel département de Bourgogne-Franche-Comté porte le numéro 71 ?
72;Sarthe;{3680,3831,3982,3830,3832,3981,3980,3983,3984,3529,3528,3530,3679,3678,3681,3682,3829,3828,3833,3834,3979,3978,3527,3526,3531,3677,3676,3683,3684,3827,3826,3977};Quel département est célèbre pour les 24 Heures du Mans, une course automobile mythique ?;Quel département abrite Le Mans et sa cathédrale Saint-Julien ?;Quel département des Pays de la Loire porte le numéro 72 ?
73;Savoie;{6774,6925,7076,6924,6926,7075,7074,7077,7078,6623,6622,6624,6773,6772,6775,6776,6923,6922,6927,6928,7073,7072,7079,7080,6471,6470,6621,6620,6625,6626,6771,6770,6777,6778,6921,6920,6929,6930,7081,6469,6468,6619,6618,6627,6769,6768,6779,6931,6467,6466,6617,6616,6767,6465,6464,6615,6463};Quel département est connu pour ses stations de ski comme Courchevel et Méribel ?;Quel département abrite le lac du Bourget, le plus grand lac naturel de France ?;Quel département d'Auvergne-Rhône-Alpes porte le numéro 73 ?
74;Haute-Savoie;{6020,6171,6170,6172,5869,5870,6019,6018,6021,6022,6169,6168,6173,6174,5871,6017,6016,6023,6167,6166,6175,6015,6165,6164};Quel département abrite le Mont-Blanc, le plus haut sommet d'Europe ?;Quel département est traversé par le lac d'Annecy, surnommé le lac bleu ?;Quel département d'Auvergne-Rhône-Alpes porte le numéro 74 ?
75;Paris;{};Quel département est la capitale de la France et abrite la Tour Eiffel ?;Quel département est connu pour ses monuments comme le Louvre et Notre-Dame ?;Quel département d'Île-de-France porte le numéro 75 ?
76;Seine-Maritime;{1726,1877,2028,1876,1878,2027,2026,2029,2030,1575,1574,1576,1725,1724,1727,1728,1875,1874,1879,1880,2031,2032,1573,1577,1578,1723,1722,1729,1730,1873,1872,1881,1882,2033,2034,1427,1428,1579,1580,1721,1731,1732,1871,1883,1884,2035,2036,1429,1430,1581,1582,1733,1734,1885,1886,2037,1431,1280,1432,1583,1584,1735,1129,978,1128};Quel département est célèbre pour les falaises d'Étretat et la ville du Havre ?;Quel département abrite Rouen, célèbre pour Jeanne d'Arc ?;Quel département de Normandie porte le numéro 76 ?
77;Seine-et-Marne;{8751,8902,9053,9204,9355,9506,9657,9808,9959,10110,10261,10412,10563,10411,10413,10109,10111,10260,10259,10262,9807,9809,9958,9957,9960,10108,10107,9505,9507,9656,9655,9658,9806,9805,9956,9955,9203,9205,9354,9353,9356,9357,9504,9503,9654,9653,9804,9803,8901,8903,9052,9051,9054,9055,9202,9201,9206,9352,9351,9502,9501,9652,9651,8752,8601,8753,8900,8904,9050,9049,9200,9199,9350,9349,9500,9499,8602,9348};Quel département est connu pour Disneyland Paris et la forêt de Fontainebleau ?;Quel département abrite la ville de Melun et ses spécialités culinaires comme le brie ?;Quel département d'Île-de-France porte le numéro 77 ?
78;Yvelines;{8751,8902,9053,9204,9355,9506,9657,9808,9959,10110,10261,10412,10563,10411,10413,10109,10111,10260,10259,10262,9807,9809,9958,9957,9960,10108,10107,9505,9507,9656,9655,9658,9806,9805,9956,9955,9203,9205,9354,9353,9356,9357,9504,9503,9654,9653,9804,9803,8901,8903,9052,9051,9054,9055,9202,9201,9206,9352,9351,9502,9501,9652,9651,8752,8601,8753,8900,8904,9050,9049,9200,9199,9350,9349,9500,9499,8602,9348};Quel département abrite le château de Versailles, symbole de l'Ancien Régime ?;Quel département est traversé par la Seine et contient la ville de Saint-Germain-en-Laye ?;Quel département d'Île-de-France porte le numéro 78 ?
79;Deux-Sèvres;{5333,5484,5635,5786,5785,5787,5483,5485,5634,5633,5636,5637,5938,5939,5788,5789,5182,5031,5181,5183,5332,5331,5334,5335,5482,5481,5486,5487,5632,5638,5639,5940,5941,5790,5030,5029,5032,5033,5180,5179,5184,5185,5330,5329,5336,5480,5488,5942,5028,5027,5178};Quel département est connu pour le marais poitevin, surnommé la Venise Verte ?;Quel département contient la ville de Niort, célèbre pour ses mutuelles ?;Quel département de Nouvelle-Aquitaine porte le numéro 79 ?
80;Somme;{1439,1288,1137,1287,1289,1438,1437,1440,1441,1136,1135,1286,1285,1290,1291,1436,1435,1442,1443,1134,1133,1284,1283,1292,1293,1444,1445,1294,1446,1447,1448,1449};Quel département est connu pour les champs de bataille de la Première Guerre mondiale, notamment avec la fameuse guerre des positions ?;Quel département abrite Amiens et sa cathédrale, classée au patrimoine mondial ?;Quel département des Hauts-de-France porte le numéro 80 ?
81;Tarn;{8987,9138,9137,9139,8836,8685,8835,8837,8986,8985,8988,8989,9136,9140,9141,8534,8383,8533,8535,8684,8683,8686,8687,8834,8833,8838,8839,8984,8983,8990,8991,9142,9143,8232,8081,8231,8233,8382,8381,8384,8385,8532,8531,8536,8537,8682,8681,8688,8689,8832,8831,8840,8841,8992,8993,8082,8083,8230,8234,8235,8380,8379,8386,8387,8530,8529,8538,8539,8680,8679,8690,8691,8830,8829,8842,8843,8994,8084,8085,8236,8237,8378,8377,8388,8389,8528,8527,8540,8541,8678,8677,8692,8693,8844,8845,8086,8087,8238,8239,8376,8375,8390,8391,8526,8525,8542,8543,8676,8694,8695,8846};Quel département est célèbre pour la ville d'Albi et sa cathédrale en brique rouge ?;Quel département abrite le musée Toulouse-Lautrec ?;Quel département d'Occitanie porte le numéro 81 ?
82;Tarn-et-Garonne;{8522,8673,8672,8674,8371,8370,8372,8521,8520,8523,8524,8671,8670,8369,8368,8373,8374,8519,8518,8525,8676,8526,8669,8668,8367,8375,8376,8517,8677,8678,8527,8528,8377,8378,8829,8830,8679,8680,8529,8530,8379,8380,8831,8832,8681,8682,8531,8532,8381,8230,8382,8983,8984,8833,8834,8683,8684,8533,8534};Quel département est connu pour la ville de Montauban et son patrimoine historique ?;Quel département est traversé par les rivières Tarn et Garonne ?;Quel département d'Occitanie porte le numéro 82 ?
83;Var;{9189,9340,9491,9339,9341,9490,9489,9492,9038,9037,9039,9188,9187,9190,9191,9338,9337,9342,9343,9488,9487,9036,9035,9040,9041,9186,9185,9192,9193,9336,9335,9344,9486,9485,9034,9033,9042,9184,9183,9194,9195,9334,9333,9484,9483};Quel département est célèbre pour ses stations balnéaires comme Saint-Tropez et Fréjus ?;Quel département abrite le massif de l'Estérel et la côte d'Azur ?;Quel département de Provence-Alpes-Côte d'Azur porte le numéro 83 ?
84;Vaucluse;{8421,8572,8723,8571,8573,8724,8725,8420,8419,8422,8423,8570,8569,8574,8575,8726,8727,8418,8417,8424,8425,8568,8567,8576,8577,8416,8415,8426};Quel département abrite le palais des Papes et le pont d'Avignon ?;Quel département est connu pour le mont Ventoux, surnommé le Géant de Provence ?;Quel département de Provence-Alpes-Côte d'Azur porte le numéro 84 ?
85;Vendée;{5322,5473,5624,5472,5474,5623,5625,5626,5171,5020,5170,5172,5321,5320,5323,5324,5471,5470,5475,5476,5627,5628,5019,5018,5021,5022,5169,5168,5173,5174,5319,5318,5325,5326,5477,5478,5629,5017,5016,5023,5024,5167,5166,5175,5317,5316,5015,5014,5165,5164,5013};Quel département est célèbre pour le Puy du Fou, un parc à thème historique ?;Quel département est bordé par l'océan Atlantique et abrite les Sables-d'Olonne ?;Quel département des Pays de la Loire porte le numéro 85 ?
86;Vienne;{5494,5645,5796,5947,5946,5948,5644,5646,5795,5794,5797,5798,5945,5949,5950,5343,5192,5342,5344,5493,5492,5495,5496,5643,5642,5647,5648,5793,5799,5191,5190,5341,5340,5345,5346,5491,5490,5497,5189,5038,5188,5339,5037,5036,5187};Quel département est connu pour le Futuroscope, un parc de loisirs technologique ?;Quel département abrite Poitiers, célèbre pour son patrimoine religieux ?;Quel département de Nouvelle-Aquitaine porte le numéro 86 ?
87;Haute-Vienne;{6408,6559,6558,6560,6257,6106,6256,6258,6407,6406,6409,6410,6561,6562,6105,6104,6107,5956,6108,6255,6254,6259,6260,6405,6404,6411,6412,6563,5957,5958,6109,6110,6261,6262,6413,6414,6415};Quel département est célèbre pour la porcelaine de Limoges ?;Quel département est traversé par la rivière Vienne et possède de vastes forêts ?;Quel département de Nouvelle-Aquitaine porte le numéro 87 ?
88;Vosges;{3599,3750,3749,3751,3448,3447,3449,3598,3597,3600,3601,3748,3747,3752,3753,3446,3445,3450,3451,3596,3595,3602,3603,3746,3745,3754,3755,3444,3443,3452,3453,3594,3604,3605,3756,3454,3455};Quel département est connu pour ses montagnes, ses forêts et ses stations thermales comme Gérardmer ?;Quel département abrite Épinal et ses célèbres images ?;Quel département du Grand Est porte le numéro 88 ?
89;Yonne;{4020,4171,4322,4170,4172,4323,4324,3869,3718,3868,3870,4019,4018,4021,4022,4169,4168,4173,4174,4325,4326,3567,3566,3568,3717,3716,3719,3720,3867,3866,3871,3872,4017,4016,4023,4024,4167,4166,4175,4176,4327,4328,3565,3564,3715,3714,3721,3865,3864,3873,3874,4015,4025,4026,4177,4178,4329,4480,3713,3875,4027};Quel département est célèbre pour les vignobles de Chablis et la ville d'Auxerre ?;Quel département contient la basilique de Vézelay, classée au patrimoine mondial ?;Quel département de Bourgogne-Franche-Comté porte le numéro 89 ?
90;Territoire de Belfort;{4020,4171,4322,4170,4172,4323,4324,3869,3718,3868,3870,4019,4018,4021,4022,4169,4168,4173,4174,4325,4326,3567,3566,3568,3717,3716,3719,3720,3867,3866,3871,3872,4017,4016,4023,4024,4167,4166,4175,4176,4327,4328,3565,3564,3715,3714,3721,3865,3864,3873,3874,4015,4025,4026,4177,4178,4329,4480,3713,3875,4027};Quel département abrite le célèbre Lion de Belfort, une sculpture monumentale ?;Quel département est le plus petit de Bourgogne-Franche-Comté en termes de superficie ?;Quel département porte le numéro 90 ?
91;Essonne;{4020,4171,4322,4170,4172,4323,4324,3869,3718,3868,3870,4019,4018,4021,4022,4169,4168,4173,4174,4325,4326,3567,3566,3568,3717,3716,3719,3720,3867,3866,3871,3872,4017,4016,4023,4024,4167,4166,4175,4176,4327,4328,3565,3564,3715,3714,3721,3865,3864,3873,3874,4015,4025,4026,4177,4178,4329,4480,3713,3875,4027};Quel département abrite le campus de l'université Paris-Saclay et des espaces naturels comme le parc naturel régional du Gâtinais ?;Quel département est traversé par la rivière Essonne et possède des villes comme Évry et Massy ?;Quel département d'Île-de-France porte le numéro 91 ?
92;Hauts-de-Seine;{4020,4171,4322,4170,4172,4323,4324,3869,3718,3868,3870,4019,4018,4021,4022,4169,4168,4173,4174,4325,4326,3567,3566,3568,3717,3716,3719,3720,3867,3866,3871,3872,4017,4016,4023,4024,4167,4166,4175,4176,4327,4328,3565,3564,3715,3714,3721,3865,3864,3873,3874,4015,4025,4026,4177,4178,4329,4480,3713,3875,4027};Quel département abrite La Défense, le plus grand quartier d'affaires d'Europe ?;Quel département est traversé par la Seine et contient des villes comme Nanterre et Boulogne-Billancourt ?;Quel département d'Île-de-France porte le numéro 92 ?
93;Seine-Saint-Denis;{4020,4171,4322,4170,4172,4323,4324,3869,3718,3868,3870,4019,4018,4021,4022,4169,4168,4173,4174,4325,4326,3567,3566,3568,3717,3716,3719,3720,3867,3866,3871,3872,4017,4016,4023,4024,4167,4166,4175,4176,4327,4328,3565,3564,3715,3714,3721,3865,3864,3873,3874,4015,4025,4026,4177,4178,4329,4480,3713,3875,4027};Quel département abrite le Stade de France et la basilique de Saint-Denis ?;Quel département est l'un des plus jeunes et dynamiques d'Île-de-France ?;Quel département d'Île-de-France porte le numéro 93 ?
94;Val-de-Marne;{4020,4171,4322,4170,4172,4323,4324,3869,3718,3868,3870,4019,4018,4021,4022,4169,4168,4173,4174,4325,4326,3567,3566,3568,3717,3716,3719,3720,3867,3866,3871,3872,4017,4016,4023,4024,4167,4166,4175,4176,4327,4328,3565,3564,3715,3714,3721,3865,3864,3873,3874,4015,4025,4026,4177,4178,4329,4480,3713,3875,4027};Quel département est traversé par la Marne et contient des villes comme Créteil et Vincennes ?;Quel département abrite le bois de Vincennes et le lac de Créteil ?;Quel département d'Île-de-France porte le numéro 94 ?
95;Val-d'Oise;{4020,4171,4322,4170,4172,4323,4324,3869,3718,3868,3870,4019,4018,4021,4022,4169,4168,4173,4174,4325,4326,3567,3566,3568,3717,3716,3719,3720,3867,3866,3871,3872,4017,4016,4023,4024,4167,4166,4175,4176,4327,4328,3565,3564,3715,3714,3721,3865,3864,3873,3874,4015,4025,4026,4177,4178,4329,4480,3713,3875,4027};Quel département abrite l'aéroport de Paris-Charles-de-Gaulle et le parc naturel régional du Vexin français ?;Quel département contient la ville de Pontoise, célèbre pour son patrimoine historique ?;Quel département d'Île-de-France porte le numéro 95 ?
971;Guadeloupe;{4020,4171,4322,4170,4172,4323,4324,3869,3718,3868,3870,4019,4018,4021,4022,4169,4168,4173,4174,4325,4326,3567,3566,3568,3717,3716,3719,3720,3867,3866,3871,3872,4017,4016,4023,4024,4167,4166,4175,4176,4327,4328,3565,3564,3715,3714,3721,3865,3864,3873,3874,4015,4025,4026,4177,4178,4329,4480,3713,3875,4027};Quel département d'outre-mer est un archipel situé dans les Caraïbes ?;Quel département est connu pour la Soufrière, un volcan encore actif ?;Quel département français porte le numéro 971 et se trouve aux Antilles ?
972;Martinique;{4020,4171,4322,4170,4172,4323,4324,3869,3718,3868,3870,4019,4018,4021,4022,4169,4168,4173,4174,4325,4326,3567,3566,3568,3717,3716,3719,3720,3867,3866,3871,3872,4017,4016,4023,4024,4167,4166,4175,4176,4327,4328,3565,3564,3715,3714,3721,3865,3864,3873,3874,4015,4025,4026,4177,4178,4329,4480,3713,3875,4027};Quel département d'outre-mer est célèbre pour ses plages et son rhum ?;Quel département contient la montagne Pelée, un volcan emblématique ?;Quel département français porte le numéro 972 et est situé aux Antilles ?
973;Guyane;{4020,4171,4322,4170,4172,4323,4324,3869,3718,3868,3870,4019,4018,4021,4022,4169,4168,4173,4174,4325,4326,3567,3566,3568,3717,3716,3719,3720,3867,3866,3871,3872,4017,4016,4023,4024,4167,4166,4175,4176,4327,4328,3565,3564,3715,3714,3721,3865,3864,3873,3874,4015,4025,4026,4177,4178,4329,4480,3713,3875,4027};Quel département d'outre-mer abrite le Centre spatial guyanais à Kourou ?;Quel département est couvert en grande partie par la forêt amazonienne ?;Quel département français porte le numéro 973 et se trouve en Amérique du Sud ?
974;La Réunion;{4020,4171,4322,4170,4172,4323,4324,3869,3718,3868,3870,4019,4018,4021,4022,4169,4168,4173,4174,4325,4326,3567,3566,3568,3717,3716,3719,3720,3867,3866,3871,3872,4017,4016,4023,4024,4167,4166,4175,4176,4327,4328,3565,3564,3715,3714,3721,3865,3864,3873,3874,4015,4025,4026,4177,4178,4329,4480,3713,3875,4027};Quel département d'outre-mer est connu pour le piton de la Fournaise et ses cirques montagneux ?;Quel département abrite le parc national de La Réunion, inscrit au patrimoine mondial ?;Quel département français porte le numéro 974 et se situe dans l'océan Indien ?
976;Mayotte;{4020,4171,4322,4170,4172,4323,4324,3869,3718,3868,3870,4019,4018,4021,4022,4169,4168,4173,4174,4325,4326,3567,3566,3568,3717,3716,3719,3720,3867,3866,3871,3872,4017,4016,4023,4024,4167,4166,4175,4176,4327,4328,3565,3564,3715,3714,3721,3865,3864,3873,3874,4015,4025,4026,4177,4178,4329,4480,3713,3875,4027};Quel département d'outre-mer est une île située dans l'archipel des Comores ?;Quel département est entouré par un des plus grands lagons fermés du monde ?;Quel département français porte le numéro 976 et se trouve dans l'océan Indien ?
